1101	Law Dispatch
1102	Law Tac
1152	Law Tac
1153	Law Tac
1154	Law Tac
1155	Law Tac
1256	Law Tac
1302	Law Tac
1303	Law Tac
1401	Law Dispatch
1402	Law Tac
1403	Law Tac
1453	Law Tac
1502	Law Tac
1503	Law Tac
1504	Law Tac
1505	Law Tac
1506	Emergency Ops
1507	Law Tac
1508	Law Tac
1551	Law Dispatch
1552	Law Dispatch
1553	Law Dispatch
1554	Law Dispatch
1555	Law Dispatch
1556	Law Dispatch
1557	Law Dispatch
1558	Law Dispatch
1559	Law Tac
1561	Law Tac
1562	Law Tac
1569	Law Tac
1570	Law Tac
1574	Law Tac
1655	Law Talk
1656	Law Talk
1657	Law Talk
1754	Law Tac
1755	Law Tac
1757	Law Tac
1758	Law Tac
1801	Law Tac
1802	Law Tac
1809	Security
2353	Fire-Tac
2403	Fire-Tac
2471	Multi-Tac
2472	Multi-Tac
2473	Multi-Tac
2474	Multi-Tac
2475	Multi-Tac
2476	Multi-Tac
2477	Multi-Tac
2478	Multi-Tac
35712	Interop
35713	Interop
35720	Interop
35721	Interop
35722	Interop
35735	Interop
35736	Interop
35744	Interop
4764	Law Tac
65534	Public Works
